species	miRNA-ID	pri-miRNA	ss	hairpin	positions	bulges	paired_bases	unpaired_bases	overhang_unpaired_bases	percentage_paired	energy	mir_seq	lib1_axtell5p_reads	lib2_axtell5p_reads	lib3_axtell5p_reads	lib1_axtell3p_reads	lib2_axtell3p_reads	lib3_axtell3p_reads	lib1_fivep_reads	lib2_fivep_reads	lib3_fivep_reads	lib1_threep_reads	lib2_threep_reads	lib3_threep_reads	lib1_axtell_total_reads	lib2_axtell_total_reads	lib3_axtell_total_reads	lib1_fivep_total_reads	lib2_fivep_total_reads	lib3_fivep_total_reads	lib1_threep_total_reads	lib2_threep_total_reads	lib3_threep_total_reads	
ddis	ddis_Cluster_788(-)	UAAUUUUUUUuAUUCUAUAUACGAGCUUCUGAcACCCUUAGUUUAGUAUUUCCAUUAAUUUAAGCUAUCAGUGUcAGGGUCGUUGUGUGGGAUAAaAAAAUUUU	....((((((((((((((((((((.(..(((((((...((((((((.(((......)))))))))))...)))))))).))).)))))))))))))))))....	1	[10, 32, 74, 95]	3	22	1	0	0.9361702127659575	-48.54	UAUUCUAUAUACGAGCUUCUGAC	121	118	292	0	0	1	112	113	278	0	0	0	123	123	296	123	122	295	0	1	1	
ddis	ddis_Cluster_909(+)	GUUGCCUUGGuCAUCAUUUGAUGUGUGAUUGuCAUUGAAGUCUAAACAGUUGAAGUCGCCUGCUAUGAUGUCGAUGUUUUUAUUAGGGUUAGACGUUAGGUUGUGGUAUUGGUUGUUGAAGUGUUUAUUUAGUGUUGAUGCUAGUGUUuUUCUUUUAUCAGGUUGGGCcGGGGCGUA	...(((((((((...((((((((...((....(((((..(((((((((.((.((...((((((((((((.(.(((((((...........)))))))).)))))))))..)))..)).)).)))))).........)))..)))))....))...))))))))..)))))))))...	1	[10, 31, 148, 168]	1	14	7	2	0.6222222222222222	-68.05	UUUCUUUUAUCAGGUUGGGCC	0	0	0	372	424	656	0	0	0	343	375	548	452	489	797	30	23	55	422	466	742	
ddis	ddis_Cluster_961(-)	UUUAAUUCUUuGGGUCUCCAUUCAAAUUAAGUUcAGACUUAAAAAAUUUCCUUAGUUUGAAUUUUUUUUAGGUAUGAaCUUAAUUGGGUGGGACUAAaGAAUUAAA	(((((((((((((.((.((((((((.(((((((((.((((((((((.(((........)))..)))))))))).))))))))))))))))))))))))))))))))	1	[10, 33, 77, 97]	3	23	0	0	0.9787234042553191	-56.04	UGGGUCUCCAUUCAAAUUAAGUUC	16	26	29	2	5	5	16	26	29	2	5	5	18	32	34	16	26	29	2	6	5	
ddis	ddis_Cluster_975(-)	UUCCUUUGUGaUGCAAUCUGAUUUUGGACCcUCUGGaAUUGAAAUCGGAAUUGGGUUuGGCAUCGG	..((..((((((.((((((((((((((..((...))..)))))))))).)))).)))..)))..))	1	[10, 30, 36, 57]	1	19	3	1	0.8444444444444444	-25.08	AUGCAAUCUGAUUUUGGACCC	21762	12999	31359	732	355	1075	17167	10917	25297	587	307	852	54538	32772	68395	42514	25321	56337	12024	7451	12058	
ddis	ddis_Cluster_1001(+)	UCCUCUGUUAgAGGUGUCAUUGUUUUAUAUuUUAUAUAACAACACUAUUAUUCCUCUGGUAAUAUAAAAuGUAAAACAAUGGCACCUCUaACAGAGGA	(((((((((((((((((((((((((((((((((((((.((..................)).)))))))))))))))))))))))))))))))))))))	1	[10, 30, 69, 89]	0	23	0	0	1.0454545454545454	-68.62	UGUAAAACAAUGGCACCUCUA	1	0	2	21	10	17	0	0	0	20	9	19	54	28	33	2	3	9	52	25	24	
ddis	ddis_Cluster_1028(-)	UCCUCUGUUAgAGGUGUCAUUGUUUUAUAUuUUAUAUAACAACACUAUUAUUCCUCUGGUAAUAUAAAAuGUAAAACAAUGGCACCUCUaACAGAGGA	(((((((((((((((((((((((((((((((((((((.((..................)).)))))))))))))))))))))))))))))))))))))	1	[10, 30, 69, 89]	0	23	0	0	1.0454545454545454	-68.62	UGUAAAACAAUGGCACCUCUA	1	0	2	21	10	17	0	0	0	20	9	19	54	28	33	2	3	9	52	25	24	
ddis	ddis_Cluster_1042(+)	AAAGAGAGGGuAAUUAGCAACUUAUCAGAUUGAUUaUUUUAAUAUACCUAAGAUGUCAAGGUAAUGGUAGAAUCAUUUGUGUCCAUAaUUAUUAUGAUAAGAGCGGCcCAACUCCA	...(((.((((.....((..(((((((...(((((.........(((((.........)))))((((((.((....)).)).)))))))))...))))))).)).))))..)))..	1	[10, 35, 87, 107]	5	17	5	1	0.6938775510204082	-30.93	AUUAUUAUGAUAAGAGCGGCC	0	0	0	46	44	95	0	0	0	45	42	84	90	75	154	16	20	32	74	55	122	
ddis	ddis_Cluster_1065(+)	AAAGAAUUCUuUAUAAAUUUGGCGCUCACUaUCUAUAUAGUAUGAAUGCUUGUAAUAUUAAUUUUAAUUGAUAUUGAUUCUUAUUAAUAUUACAAACAUUCAAACUAUACAGAUAaUGAGCUCCAACUUUAUAAAgAAUUCUUU	(((((((((((((((((.((((.(((((.(((((.((((((.((((((.(((((((((((((...((((......))))...))))))))))))).)))))).)))))).))))).))))).)))).)))))))))))))))))	1	[10, 30, 115, 135]	0	20	3	0	0.9090909090909091	-82.75	AUGAGCUCCAACUUUAUAAAG	2	2	3	8	4	17	1	2	4	8	4	22	12	7	30	4	3	6	8	4	24	
ddis	ddis_Cluster_1189(-)	AAAGAGAGGGuAAUUAGCAACUUAUCAGAUUGAUUaUUUUAAUAUACCUAAGAUGUCAAGGUAAUGAUAGAAUCAUUUGUGUCCAUAaUUAUUAUGAUAAGAGCGGCcCAACUCCA	...(((.((((.....((..(((((((...(((((((.......(((((.........)))))..((((.((....)).)))).)))))))...))))))).)).))))..)))..	1	[10, 35, 87, 107]	5	18	5	0	0.7346938775510204	-31.99	AUUAUUAUGAUAAGAGCGGCC	0	0	0	46	44	95	0	0	0	45	42	84	83	75	148	16	20	33	67	55	115	
ddis	ddis_Cluster_1281(+)	AUUUAUUUUAuUUCAUUUUGGGCUAUUUAAUuUACUCAUCUUUUUAAAUUUUAUACUUCAGUUGUUGCCCGUACCAGGGAAAUAGUUUUUUAUAAAAACCAACAAUAAUUGAAGAAUAAAAUUUAAAAGGACCAGAAAAuUAAAUAAUUCAAAAUAAAUaAAAU	....(((((((((.((((((((.((((((((((.((..((((((((((((((((.(((((((((((((((......))).....((((((...))))))...)))))))))))).))))))))))))))))..)).)))))))))).)))))))))))))))))	1	[10, 31, 139, 159]	1	22	1	0	0.9777777777777777	-70.97	UUUCAUUUUGGGCUAUUUAAUU	18	5	39	0	0	0	12	4	29	0	0	0	19	6	40	18	6	40	1	0	0	
ddis	ddis_Cluster_1307(-)	UAACGAGUCGuUGCUUCGAUGGUUUUUGACuCAAUUGAUUUGUCUUUUAAUUUUUGGUGCGAUCUCCAUGACAUUGUUGUCAGAAGCUUCUUUCGGAGUAUCUUAAGAAUCCAAUGAUGUCAUGGUGAGUCAUCCCAAAAAGUCAAAAACAACUCGAUCGAAuCAAAAACCAUCGAAGCAAUcAAAAACGC	.........((((((((((((((((((((.((.(((((.((((.(((...(((((((.(.((((.(((((((((((((((((((.(((((....))))).)))...))...)))))))))))))).)).)).).)))))))...))).)))).))))).)).)))))))))))))))))))).........	1	[10, 30, 162, 182]	0	21	0	2	0.9545454545454546	-97.8	UUGCUUCGAUGGUUUUUGACU	2	4	17	0	0	0	2	4	17	0	0	0	3	5	20	3	4	19	0	1	1	
ddis	ddis_Cluster_1453(-)	UUUCGUUUUCuUCUCUACUAGUGCCGAAAUcAUUAAUAUUGCAUUCAUCAUUAUAUUUGUGUGAAAUCGAUUAAUGAuUUUGGCAGAAGUAGAGACGaAAACGAAA	((((((((((.((((((((..((((((((((((((..((((..((((.(((.......)))))))..))))))))))))))))))..)))))))).))))))))))	1	[10, 30, 77, 97]	0	20	3	0	0.9090909090909091	-61.87	UUUUGGCAGAAGUAGAGACGA	37	11	43	281	37	151	37	10	43	295	42	173	356	58	244	38	11	43	318	47	201	
ddis	ddis_Cluster_1454(+)	UCUUUCACAGcUAGGAUGAUGAUAUACACUCACUAcACGAAAGCGUGAAACCGUUAUUAUCGAAUGAUUCAUUUAUUUUUUAUUAACAUUGAUGACCGUCUAAUUCAGGGAUGAAUUGGUUGUGUgGUGGGAUUCGUACUGGCuCUUUUUUA	........((((((.((((.........((((((((((((...(((.((...((((.((..((((((.....))))))..)).)))).)).))).....((((((((....))))))))))))))))))))..)))).))))))........	1	[10, 35, 125, 143]	7	18	3	0	0.7659574468085106	-52.81	GGUGGGAUUCGUACUGGCU	1	3	8	92	321	153	20	19	38	52	233	97	256	566	425	72	78	164	184	488	261	
ddis	ddis_Cluster_1509(-)	CAAAAUUACCgUAUUAAUUUCGGCAGCCAUaUUAAUUUCAACCUAAAAUAGUUGGUCUUUGCAUGUCAAAAUUAAUAuGGCUGCUGAAAUUAAUAUGgUAAUUCUA	...(((((((((((((((((((((((((((((((((((((((........))))(.(.......).).)))))))))))))))))))))))))))))))))))...	1	[10, 30, 77, 97]	0	23	0	0	1.0454545454545454	-61.82	UGGCUGCUGAAAUUAAUAUGG	0	0	0	575	634	1924	0	0	0	577	640	1920	653	746	2155	2	1	4	651	745	2151	
ddis	ddis_Cluster_1526(+)	CAUUAUUGUAuCAUCACUGUUUCAUUAUAAUaAAUAAUAAUAAUAAAAUUUUCCAAUAUUUUUUUUUAUUAUUUAuUAUAAUGAAACGGUAAUGAUaCAAUAAUG	((((((((((((((.(((((((((((((((((((((((((....(((((........)))))...))))))))))))))))))))))))).))))))))))))))	1	[10, 31, 75, 96]	0	23	1	0	1.0	-60.67	UUAUAAUGAAACGGUAAUGAU	0	0	1	2	2	9	0	0	1	2	2	9	4	2	15	0	0	1	4	2	14	
ddis	ddis_Cluster_1538(-)	UAUCAUCAUCaAGCUUAGUUUCGUCAUCACuUAUUAGCAUUAUAAUAUUGCCUCAUAAAAUUGUUACCUCUUCCAUUUUGUAACAAUUUUAUGGGGCAAUAUCAUUUUGUUAAUAAGuGAUGACGAAAAUAAGCCUGaUGGAAUCA	......(((((.(((((.(((((((((((((((((((((..((.(((((((((((((((((((((((............))))))))))))))))))))))).))..))))))))))))))))))))).))))).)))))......	1	[10, 30, 117, 137]	0	21	2	0	0.9545454545454546	-95.4	AAGCUUAGUUUCGUCAUCACU	4	9	24	0	0	2	4	9	23	0	0	2	6	13	30	4	9	24	2	4	6	
ddis	ddis_Cluster_1558(+)	UUUUUUUUGGaGGGCAACGGGAUAUCGGUuACUUCGUUAAAUUCUUAAUUUGUAGGUUAUUAGAUCGACACUAAUUUAUGGUAUCACCAUAAUGGCCCAAUUGGUAGGGCGACAAAUACAcUCUCCGAUUCUGCAACCCCUUuUUUUUUUU	........((((((.....(((.(((((((((...(((((....)))))..))))...(((((.......)))))(((((((...)))))))(.((((........)))).)............)))))))).....))))))........	1	[10, 29, 120, 142]	1	13	5	3	0.5777777777777777	-42.12	CUCUCCGAUUCUGCAACCCCUUU	3	1	1	17	20	50	0	0	0	14	17	40	37	39	91	8	11	17	29	28	74	
ddis	ddis_Cluster_1601(-)	UUAUACUAUAuAAGUGGUCGUUAAUUGCUGGcAGACCUCAGUUUACUCACACUAGACCACUGGCCGUCUUCUGGCUGCUAGCGGGCAAUGGCCUAGUAUGAGUAAAUGACCAUCUGCcACCAGUUAGCGGUCAUUUGUaUAGCAUGG	((((.((((((((((((((((((((((.(((((((.....(((((((((.(((((.((.(((((.(((....))).))))).))((....))))))).))))))))).....))))))).)))))))))))))))))))))).))))	1	[10, 31, 117, 138]	0	23	1	0	1.0	-88.47	UAAGUGGUCGUUAAUUGCUGGC	572	126	964	14	1	17	513	111	885	15	1	18	610	133	1008	594	131	987	16	2	21	
ddis	ddis_Cluster_1628(-)	UUAAACUGAGuCUGUGAACAAUCAAGAUUUgAUAAACACUAUUGAAAUUGAAAUUUUUUUCUAAUGGUGUUUAUCAaAUCUUAAUUGUUCACAGACcCAGUUUAA	((((((((.(((((((((((((.((((((((((((((((((((((((..........)))).)))))))))))))))))))).))))))))))))).))))))))	1	[10, 30, 76, 96]	0	21	1	1	0.9545454545454546	-72.22	AAUCUUAAUUGUUCACAGACC	2	2	3	69	77	258	2	2	3	69	77	258	71	79	263	2	2	3	69	77	260	
ddis	ddis_Cluster_1651(+)	UAUAGAAAUCuCUUUCUCUAAUUUCAUUUAuUAAAUUGUAAAUCACCCAUUUUAAUAAUGUGUGAGUUAUAUUUAAaAAUGAAAUUAGAGAAAGGGaUUUUCAUG	(((.(((((((((((((((((((((((((.((((((.((((.((((.((((.....)))).)))).))))))))))))))))))))))))))))))))))).)))	1	[10, 30, 76, 96]	0	22	0	1	1.0	-56.91	AAAUGAAAUUAGAGAAAGGGA	1	3	17	20	13	79	1	3	17	21	12	77	22	16	96	1	3	17	21	13	79	
ddis	ddis_Cluster_1680(-)	GAACUCuUGUCUUAAUUCCUUGAUAGCuuUAUAGCUCGUAGCAUUUUcUUCGUCAUUUGUUUAUUGGAUAUUCCUAAAGAUGAAUUAUCAAGAaAAUGUUACGAACUAUAAAucUAUCAAAGAAGUAAGAUAAGaGUUC	((((((((((((((.(((.(((((((.(((((((.(((((((((((((((.((.((((((((...(((...)))...)))))))).)).))))))))))))))).))))))).))))))).))).))))))))))))))	1	[6, 27, 28, 47, 93, 112, 113, 134]	0	40	4	0	0.9302325581395349	-82.18	UUGUCUUAAUUCCUUGAUAGC	35	21	74	12	5	34	25	14	61	11	4	34	50	26	111	35	21	74	15	5	37	
ddis	ddis_Cluster_1706(+)	UCUUUCACAGcUAGGAUGAUGAUAUACACUCACUAcACGAAAGCGUGAAACCGUUAUUAUCGAAUGAUUCAUUUAUUCUUUAUUAACAUUGAUGACCGUCUAAUUCAGGGAUGAAUUGGUUGUGUgGUGGGAUUCGUACUGGCuCUUUUUUA	........((((((.((((.........((((((((((((...(((.((...((((.((..((((((.....))))))..)).)))).)).))).....((((((((....))))))))))))))))))))..)))).))))))........	1	[10, 35, 125, 143]	7	18	3	0	0.7659574468085106	-54.37	GGUGGGAUUCGUACUGGCU	1	3	8	92	321	153	20	19	38	52	233	97	258	570	432	72	78	164	186	492	268	
ddis	ddis_Cluster_1726(+)	AGUGGUUCAUuUGGUUCAAAUGAAACAUCUgGAUGGGGUCAACACCACUGGAAUAGUUGUCGUCCAUGUCCACCACCAcGUCCAAUUUGUCGUCCAUGuCCACCACC	.(((((..((.(((..(((((...((...(((.(((((.((((((.((((...)))).)).))...)).)).)))))).))...)))))....))).))..))))).	1	[10, 30, 78, 98]	4	14	7	0	0.6363636363636364	-35.47	CGUCCAAUUUGUCGUCCAUGU	0	0	0	71	27	219	0	0	0	70	27	205	139	72	453	12	7	33	127	65	420	
ddis	ddis_Cluster_1790(+)	AUCCAAUGCAuCCCAUCGGCAUACAGAACGcUCACUAGAGAAGGAUAUUCAAAUCAACCUCCAAUGUAUUGGAUACAUUCGUUGAUUUGGGUCCUUCUCUAGUGAGCgUUCAAUGUAUGCCGAUGGGAUgCACUGAAC	...((.((((((((((((((((((((((((((((((((((((((((..((((((((((....(((((((...))))))).)))))))))))))))))))))))))))))))..))))))))))))))))))).))...	1	[10, 30, 107, 129]	2	23	0	0	1.0	-112.15	UCCCAUCGGCAUACAGAACGC	14	19	25	0	0	0	10	16	23	0	0	0	29	31	40	26	29	37	3	2	3	
ddis	ddis_Cluster_1831(+)	UAUCAGGUGGcCAAUUUUUAUCAAGGAAAGcUGUAUCAUCAAGUGCCUCCCUCUGUCUCUUGAUGAUUCAGCcUUCCUUGACAAAAAUUGCCcACCUGAUA	((((((((((.((((((((.((((((((.((((.(((((((((.(.(.......).).))))))))).)))).)))))))).)))))))).))))))))))	1	[10, 30, 72, 92]	0	20	3	0	0.9090909090909091	-70.6	CCAAUUUUUAUCAAGGAAAGC	178	76	474	21	5	18	176	75	468	21	5	18	199	81	495	178	76	477	21	5	18	
ddis	ddis_Cluster_1849(+)	AUAAACUAAAcCAGUUAGGGUUUAAUGGUUcUAUCUCAAUUGUUUUUUUUUGGAUCCCAAAUUUAAUCUAUUUUAAUUUAAAAAAUGAUUAUUUGUUAUCCAGGAAAAAUAACUGGAAAAGAaCCGUUGAGCCCUUUCUGAUuUAUUAAUU	......((((.(((..((((((((((((((((.((.((.(((((((((((.((((..((((..(((((.(((((.......))))))))))))))..))))))))))))))).))))..))))))))))))))))..))).))))......	1	[10, 30, 122, 142]	0	20	3	0	0.9090909090909091	-65.48	CCAGUUAGGGUUUAAUGGUUC	160	157	338	6	43	45	158	155	336	12	56	60	172	216	399	160	159	339	12	57	60	
ddis	ddis_Cluster_1861(+)	GGUGGGAACUuCUUCCGGAAGAGGUUGGGGcUAAAAGAUGUUUAGACAUCUCCUCCUCGGGGCGAGGGUUAUACGUGAGUCCGGCUCUGCAAAGAGAUCGCCCCGAGGAGGAGAUGUCUAAACAUCUUUUAGCcCCAACCUCUUCCGGAAGAAgUUCCCACC	(((((((((((((((((((((((((((((((((((((((((((((((((((((((((((((((((((((((....))).)))..((((....)))).)))))))))))))))))))))))))))))))))))))))))))))))))))))))))))))))))	1	[10, 30, 133, 153]	0	23	0	0	1.0454545454545454	-170.87	UCUUCCGGAAGAGGUUGGGGC	359	310	597	25	10	20	288	265	511	45	19	37	470	361	719	406	336	664	64	25	55	
ddis	ddis_Cluster_1911(+)	CUACAUCUCUaACUGCGAGCAUUAAUGGGCuAUUUGGUAAUAUUGCUGGUGUAGuUUUUGGUGUAGUUGUUAuUAUUGGUA	(((((((...((((((.(.((.(((((.(((....)))..))))).)).)))))))...)))))))...............	1	[10, 30, 54, 72]	2	18	2	1	0.8571428571428571	-27.0	AACUGCGAGCAUUAAUGGGCU	3	2	3	0	0	0	3	2	3	0	0	0	4	2	3	3	2	3	1	0	0	
ddis	ddis_Cluster_2039(+)	GGAUAUGGUUuUCUCGACAGACAUAGCAUUGgGCAUAUAAAUAAAUAAAUAAAUCACAAAAACAACCAUUGUGAGCUAUUUAAUUGUAUGUUAUGUGGAUUGGUUACUCCAAUGCAUGACUUAUGCCCaAUGCUUAGAUGUAGAGGAAaCCUCUCCU	(((...(((((((((.(((.....(((((((((((((...((((.((((((..((((((.........))))))..)))))).))))..(((((((..(((((.....)))))))))))).)))))))))))))....))).)))))))))..))).	1	[10, 31, 128, 148]	1	18	5	0	0.8	-79.0	UUCUCGACAGACAUAGCAUUGG	11	13	40	0	0	1	9	11	29	0	0	1	11	13	44	11	13	43	0	0	1	
ddis	ddis_Cluster_2104(-)	AGCUAGUAUUuUUCUUUUAUCAGGUUGGGCcGGGGCGUAUAUGGCCAAGAUUCUCGUUGUGGUAUCUUUUAUUAGAAUGUCUGCUAUUAUUAGUCUACCUUCUAUUAUGAAUAUUGGUGAGAGUUUUAUGUUUUGGUUGUUGUGGUUUAGUAUUCCUAUUCCGUUGCCUCUGUUGGUUGCACUAAUGAUGGAGCCAGGAAAUAGCUGGUGUGCUUGUGUUGCGUCAGCAUUGAGUUCAUUGACUAUGGUUAGUGCCAAUGAGUUUGGGGGGGUUGGGAUUUGAUAAAGUCUGUUUUGUUUUUGAAGGAGGUGUCAGUGCCCCAACCUCUGACAUUCCAUUGGUUGAUUUUGAUUACUACCAUUAUGAGAUGAUAUCGAUCUCCUCUUGGGAGUCGUAUAGCUGCGGuUUAGAUGGUGAAGGGUAGaUACUCUCU	((..(((((((.((((((((((..((((((((.(((.((((((((.((((((((((((..(((((.((.((.(((((.((..((((....))))..)).))))).)).))))))))))))))))))).......(((.....(((..(((.....)))..)))..)))..(.((((((.(((....).)).)))))).)....((((((((((....).)))))))))(((((..(((((....(((((.((((((((((.(..((.((((((((((..((((((...(((.(((((....))))).)))))))))...))))))))))..))..))))))))...........)))))))).....)))))..))))).((((...))))))))))))))).)))))))).)))))))))).)))))))..))	1	[10, 30, 406, 425]	1	20	2	0	0.9302325581395349	-186.56	UUUCUUUUAUCAGGUUGGGCC	372	424	656	0	0	0	343	375	548	0	0	0	779	768	1254	702	701	1151	77	67	103	
ddis	ddis_Cluster_2248(+)	CAUACAGAACuGCAUCUGGUUCAGCUCUGAgUUCUAUGAAGUUUAAUGGGUAAAGACUAUCUUCAGUAACUAAUUUAACGACGUGAAGUUUUAAAAAAUUUGGACGAUGUAUACGAACUACACCCAAUCAUGUCAUUAAAUUAAUUACUUAAGAGAGUCUUUACCCAUUUAACUUCAUUAAACUcAGAGCUGAACCAGAUGCAGcACCAGCUG	....(((..((((((((((((((((((((((((..((((((((.((((((((((((((.((((.(((((.((((((((.(((((((.............((((..(..((......))..)..))))))))))).)))))))).))))).)))).)))))))))))))).))))))))..))))))))))))))))))))))))......)))	1	[10, 30, 184, 204]	0	22	0	1	1.0	-132.94	UGAAGUUUAAUGGGUAAAGAC	2	3	13	0	0	0	2	3	13	0	0	0	9	8	34	5	5	19	4	3	15	
ddis	ddis_Cluster_59(-)	GUAUGACUGCcUCGAUCGUGCAUGGCAGUGcGGUACAGUACAGCUGGACUUCUCuUUGCCGUCUCGUCUGAGCgCUUCUUAU	(((.((..((((((..((.(.(((((((.(.(((.((((...)))).)))...).)))))))).))..)))).)).)).)))	1	[10, 30, 54, 73]	1	16	4	2	0.7441860465116279	-32.77	UUUGCCGUCUCGUCUGAGCG	0	0	0	27	5	7	0	0	0	24	4	9	58	20	21	0	0	1	58	20	20	
