miRNA.ID	miRNA_sequence	miRNA_counts	miRNA_RPM	precision	genomic_context	genomic_location	miRNA_family	folding energy (kcal/mol)	pre-miRNA size (nt)
ddi-mir-1179	UGGGUCUCCAUUCAAAUUAAGUUC	83	207	98.8	intergenic	NC_007088.5:1649212..1649317	None	-56.04	88
ddi-mir-7097	UUUUGGCAGAAGUAGAGACGA	600	2042	91.2	intergenic	NC_007089.4:3739201..3739306	None	-61.87	88
ddi-mir-1183	UAAGUGGUCGUUAAUUGCUGGC	1543	4061	88.1	intergenic	NC_007090.3:735807..735953	None	-88.47	129
ddi-mir-7096	AAUCUUAAUUGUUCACAGACC	411	900	99.5	intergenic	NC_007090.3:1476903..1477007	None	-72.22	87
ddi-mir-1186	AAAUGAAAUUAGAGAAAGGGA	131	310	97.8	intergenic	NC_007090.3:1706364..1706468	None	-56.91	87
ddi-mir-1176	CCAAUUUUUAUCAAGGAAAGC	763	1690	98.5	intergenic	NC_007091.3:172131..172231	None	-70.6	83
ddi-mir-1177	CCAGUUAGGGUUUAAUGGUUC	777	1829	98.7	intergenic	NC_007091.3:593946..594096	mir-1177	-65.48	133
dfi-mir-1192	UGUACCAAGACAAUCUCCAAG	71	20	84.5	genome_not_annotated	JH723762.1:365175..365282	None	-69.88	90
dfi-mir-1191	UUUCCUCGUUACACUUGUUUG	93138	23558	97.1	genome_not_annotated	JH723798.1:37137..37323	None	-95.3	169
dfi-mir-1190	UGAGGACAUUUGAUAAUUUUGA	101828	44922	76.9	genome_not_annotated	JH723798.1:203338..203593	None	-142.84	238
dfi-mir-1195	UGAUGUCGCCAAUGUAAUAAC	541470	126022	97.7	genome_not_annotated	JH723896.1:3805..3933	None	-69.84	111
dfi-mir-1196	UAGUGAAGAUGGGUAGAAGAU	53	15	76.8	genome_not_annotated	JH724042.1:4390..4506	None	-75.37	99
dfi-mir-1189	CAUGGAAGAUUAAUGACCGCC	308939	98955	76.3	genome_not_annotated	D_firmibasis_chromosome_1:5202378..5202481	None	-108.21	86
dfi-mir-1190	UGAGGACAUUUGAUAAUUUUGA	101828	52260	76.9	genome_not_annotated	D_firmibasis_chromosome_1:6559035..6559290	None	-142.84	238
dfi-mir-1191	UUUCCUCGUUACACUUGUUUG	93138	27351	97.1	genome_not_annotated	D_firmibasis_chromosome_1:6719430..6719616	None	-95.3	169
dfi-mir-1192	UGUACCAAGACAAUCUCCAAG	71	23	84.5	genome_not_annotated	D_firmibasis_chromosome_1:7110680..7110787	None	-69.88	90
dfi-mir-1193	UUACUCCCAUUAUUAAGGAUG	63449	15779	99.6	genome_not_annotated	D_firmibasis_chromosome_2:1686826..1686932	None	-42.09	89
dfi-mir-1177	CCAGUUAGGGUUUAAUGGUUC	1074	285	96.2	genome_not_annotated	D_firmibasis_chromosome_3:577596..577756	mir-1177	-69.66	143
dfi-mir-1194	UUUCGCAUCAGAGCUCCGAGC	412169	113330	98.8	genome_not_annotated	D_firmibasis_chromosome_3:3078863..3078964	None	-101.3	84
dfi-mir-1195	UGAUGUCGCCAAUGUAAUAAC	541470	146647	97.7	genome_not_annotated	D_firmibasis_chromosome_4:3840639..3840767	None	-69.84	111
dfi-mir-1196	UAGUGAAGAUGGGUAGAAGAU	53	18	76.8	genome_not_annotated	D_firmibasis_chromosome_6:2524364..2524480	None	-75.37	99
dla-mir-1197	CAUUACUCAUAUAUCUCAGAC	33	28	94.3	intergenic	LODT01000020.1:101326..101465	None	-93.54	122
dla-mir-1198	AUGUUGGUCUUCAUGUUGUUUU	126922	74391	99.8	intergenic	LODT01000020.1:565249..565350	None	-52.92	84
ppa-mir-1199	AUUUUUUCAAGAUGUCUGUUC	2534	457	83.6	intronic_antisense	NW_008805065.1:51896..51998	None	-65.05	85
ppa-mir-1200	UGCUAAAAUCAAAAAUAGACA	48	5	100	intergenic	NW_008805068.1:144909..145012	None	-35.21	86
ppa-mir-1201	AGAAUGGUAAAGUGUCAGAUA	523	61	99.1	intronic_antisense	NW_008805072.1:1157625..1157739	None	-54.86	97
ppa-mir-1202	AAUAGAAUCUGUUGUGCUUCA	3577	1357	99.2	intronic_intergenic	NW_008805100.1:69067..69273	None	-101.16	189
asu-mir-1203	UUAUUGGGUAUUAAAUAAGUA	2252	719	92	intergenic	NW_012236446.1:76..190	None	-52.88	97
asu-mir-1204-P1	UAUCUAUUGUAGCACUUGUGA	2258382	85661	99.5	intergenic	NW_012236484.1:550..651	mir-1204	-48.86	84
asu-mir-1204-P2	UAUCUAUUGUAGCACUUGUGA	2258382	85743	99.5	intergenic	NW_012236496.1:211486..211587	mir-1204	-48.86	84
asu-mir-1204-P3	UAUCUAUUGUAGCACUUGUGA	2258382	85288	99.5	3'antisense	NW_012236497.1:34090..34191	mir-1204	-48.86	84
asu-mir-1205	UGAUGAACAUUUGAGUGGCGU	9437	2669	98.5	intergenic	NW_012236508.1:360263..360396	None	-70.5	116
asu-mir-1206	UGCAUCAUCUCGAUCGAUUCG	23447	6248	99.3	intergenic	NW_012236512.1:176300..176451	None	-85.3	134
asu-mir-1207	UGUUUGGACAGCUUGCGUAUG	10953	3077	99.9	intergenic	NW_012236512.1:427608..427773	None	-87.6	148
asu-mir-1208	UGCUGUGAGAUUGGUCACCGAGC	11207	3227	97.8	intergenic	NW_012236514.1:586899..587045	None	-68.63	129
asu-mir-1204-P4	UAUCUAUUGUAGCACUUGUGA	2258382	85873	99.5	intergenic	NW_012236515.1:46736..46837	mir-1204	-48.86	84
asu-mir-1209	UGAACGAUUUUCACCAAAAUC	19978	5333	99.9	intergenic	NW_012236516.1:452505..452631	None	-73.19	109
asu-mir-1210	UGAGCCGUACCAUUCUCUGUCU	410	156	95.8	intergenic	NW_012236516.1:536175..536295	None	-76.03	103
asu-mir-1211	AAUAUGACAUUGUUAACGGGU	3835	1068	99.9	intergenic	NW_012236518.1:732968..733071	None	-55.45	86
asu-mir-1212	UCACCGAUGGCCUACUGCAUG	1920	527	99.4	exonic_5'sense	NW_012236519.1:489113..489224	None	-51.1	94
asu-mir-1213	UGCUACCAUGUUAGACUGAUG	19904	6640	96.7	intergenic	NW_012236521.1:506588..506691	None	-67.09	86
asu-mir-1204-P5	UAUCUAUUGUAGCACUUGUGA	2258382	85072	99.5	3'antisense	NW_012236523.1:1239..1340	mir-1204	-48.86	84
asu-mir-1204-P6	UAUCUAUUGUAGCACUUGUGA	2258382	86315	99.5	3'antisense	NW_012236523.1:1049681..1049782	mir-1204	-48.86	84
asu-mir-1214	ACAAAUGUUGAACAGAUAAUA	405	123	99.5	intergenic	NW_012236526.1:1087391..1087493	None	-39.78	85
asu-mir-1215	UCUUUACAGUAGUGCCAUUCC	181	62	93.3	intergenic	NW_012236527.1:681242..681431	None	-129.41	172
asu-mir-1204-P7	UAUCUAUUGUAGCACUUGUGA	2258382	85210	99.5	3'antisense	NW_012236528.1:129735..129836	mir-1204	-48.86	84
asu-mir-1204-P8	UAUCUAUUGUAGCACUUGUGA	2258382	85646	99.5	3'antisense	NW_012236530.1:25146..25247	mir-1204	-48.86	84
asu-mir-1216	AGGUGUAGCUAUGUCAUUGGC	119836	35909	99.7	intergenic	NW_012236531.1:1717023..1717124	None	-65.75	84
asu-mir-1217	UCAGACAUAGUUGACACGUUC	12051	3229	98.7	intergenic	NW_012236532.1:237071..237177	None	-55.33	89
dfa-mir-1218	AAGAGAUGAAUGCUGAAAAGA	41	144	95.3	exonic_antisense	NW_004457690.1:214791..214912	None	-64.67	104
dfa-mir-1219	UUAAACUCGUUUAUCAUUAUA	812	2469	92.8	exonic_antisense	NW_004457713.1:100858..101017	None	-84.55	142
dfa-mir-1220-P1	UAAGUGAUGAUGGUAAUGAUC	114664	132378	99.9	intronic_antisense	NW_004457729.1:1425002..1425169	mir-1220	-61.47	150
dfa-mir-1220-P2	UAAGUGAUGAUGGUAAUGAUC	114658	133399	99.9	intergenic	NW_004457729.1:1445710..1445873	mir-1220	-66.48	146
ppo-mir-1221	UCAUAAACUUUGAAAUCCUCC	4422	5033	99.5	genome_not_annotated	KL558924.1:33157..33298	None	-81.92	124
ppo-mir-1222	UCAGGUUGAGUUGUCCACAGC	415	478	98.1	genome_not_annotated	KL558932.1:231142..231356	None	-128.63	197
ppo-mir-1223	UGAAAAAUGCUGGCUGUCAG	121	136	100	genome_not_annotated	KL559005.1:39250..39327	None	-32.06	60
ppo-mir-1224	UUUAGAACAUGAACUCGGACU	134	155	98.5	genome_not_annotated	KL559224.1:68684..68797	None	-68.01	96
ppo-mir-1225	AAUUAUGCCAGUGAACCUCUG	270	334	94.4	genome_not_annotated	KL560176.1:27473..27625	None	-98.02	135
ppo-mir-1226	UCUGAAGUAAGGUACCCUUUG	3633	4304	98	genome_not_annotated	KL561177.1:1944..2236	None	-184.64	275
ppo-mir-1227	UGCACAUCAUGGACACUCACC	398	441	97.3	genome_not_annotated	KL563403.1:1258..1407	None	-64.91	132
aca-mir-1228	UUUAGUGCCUAUGUCCCCUUC	147	283	94.8	intergenic	JAJGAP010000002.1:1842520..1842601	mir-1228	-56.3	64
ale-mir-1228-P1	UUUAGUGCCUAUGUCCUCUUCA	463	179	99.4	genome_not_annotated	NAVB01000078.1:67963..68054	mir-1228	-58.42	74
ale-mir-1229	AGCGGGCUGGAGAUGAAGCGGA	73	72	96.1	genome_not_annotated	NAVB01000357.1:7568..7710	None	-96.8	125
ale-mir-1228-P2	UUUAGUGCCUAUGUCCUCUUCA	463	197	99.4	genome_not_annotated	NAVB01000824.1:23909..24000	mir-1228	-58.46	74
ale-mir-1230-P1	CACGCUCUCGGGAGACGAAGC	699	322	93.4	genome_not_annotated	NAVB01000891.1:9327..9409	mir-1230	-58.43	65
ale-mir-1230-P2	CACGCUCUCGGGAGACGAAGC	699	320	93.3	genome_not_annotated	NAVB01003488.1:1461..1547	mir-1230	-65.24	69
